complexity,loss,equation,score,sympy_format,lambda_format
1,0.024892988,0.28843153,0.0,0.288431530000000,PySRFunction(X=>0.288431530000000)
3,0.0026477035,f * 0.00076508836,1.120446748440005,f*0.00076508836,PySRFunction(X=>f*0.00076508836)
5,0.0022874977,(f * 0.00086466235) - 0.04632638,0.07311707390193059,f*0.00086466235 - 1*0.04632638,PySRFunction(X=>f*0.00086466235 - 1*0.04632638)
6,0.0016590586,log(sigma) * (f * 7.10547e-5),0.32120817963464615,7.10547e-5*f*log(sigma),PySRFunction(X=>7.10547e-5*f*log(sigma))
7,0.001166439,((sigma * 3.9538444e-9) - -0.000547772) * f,0.3522948151406362,f*(sigma*3.9538444e-9 - 1*(-0.000547772)),PySRFunction(X=>f*(sigma*3.9538444e-9 - 1*(-0.000547772)))
8,0.0009765251,f * ((log(sigma) * 0.00019651843) - 0.0013586605),0.17771034287795853,f*(0.00019651843*log(sigma) - 0.0013586605),PySRFunction(X=>f*(0.00019651843*log(sigma) - 0.0013586605))
9,0.0007975296,(log(sigma) * (sqrt(f) * 0.0029974629)) - 0.33041513,0.20248150407376989,0.0029974629*sqrt(f)*log(sigma) - 0.33041513,PySRFunction(X=>0.0029974629*sqrt(f)*log(sigma) - 0.33041513)
10,0.0005260347,(log(sigma) * ((f * 7.998246e-5) - -0.05312252)) + -0.6202384,0.4161517698141175,(7.998246e-5*f + 0.05312252)*log(sigma) - 0.6202384,PySRFunction(X=>(7.998246e-5*f + 0.05312252)*log(sigma) - 0.6202384)
12,0.0005235053,(log(sigma) * (((f * 7.9982514e-5) - -0.052903645) + lambda_prime)) - 0.61990863,0.00241001285997024,(7.9982514e-5*f + lambda_prime + 0.052903645)*log(sigma) - 0.61990863,PySRFunction(X=>(7.9982514e-5*f + lambda_prime + 0.052903645)*log(sigma) - 0.61990863)
13,0.0005208845,((log(sigma) * ((f * 7.99751e-5) - -0.05300503)) - 0.63246495) + sqrt(lambda_prime),0.005018826306407339,sqrt(lambda_prime) + (7.99751e-5*f + 0.05300503)*log(sigma) - 0.63246495,PySRFunction(X=>sqrt(lambda_prime) + (7.99751e-5*f + 0.05300503)*log(sigma) - 0.63246495)
14,0.0004962276,((log(sigma) + (alpha_infinity * 0.20785896)) * ((f * 7.773049e-5) - -0.05197442)) - 0.624723,0.04849363567363117,(0.20785896*alpha_infinity + log(sigma))*(7.773049e-5*f + 0.05197442) - 0.624723,PySRFunction(X=>(0.20785896*alpha_infinity + log(sigma))*(7.773049e-5*f + 0.05197442) - 0.624723)
15,0.0004730882,((log(sigma) * ((f * 8.620688e-5) - -0.050510947)) - (f * sqrt(k0_prime))) + -0.59196836,0.04775285199028837,-f*sqrt(k0_prime) + (8.620688e-5*f + 0.050510947)*log(sigma) - 0.59196836,PySRFunction(X=>-f*sqrt(k0_prime) + (8.620688e-5*f + 0.050510947)*log(sigma) - 0.59196836)
16,0.00041929306,(log(sigma) * (((f * 8.390165e-5) - -0.052429207) - (k0_prime * (f * f)))) + -0.6192899,0.12071173780873591,(-f**2*k0_prime + 8.390165e-5*f + 0.052429207)*log(sigma) - 0.6192899,PySRFunction(X=>(-f**2*k0_prime + 8.390165e-5*f + 0.052429207)*log(sigma) - 0.6192899)
18,0.0004043255,((((f * 8.601899e-5) - -0.052380335) - (f * (k0_prime * (f * 1.5403978)))) * log(sigma)) + -0.6222941,0.018174928005265843,(-1.5403978*f**2*k0_prime + 8.601899e-5*f + 0.052380335)*log(sigma) - 0.6222941,PySRFunction(X=>(-1.5403978*f**2*k0_prime + 8.601899e-5*f + 0.052380335)*log(sigma) - 0.6222941)
20,0.00037890422,(log(sigma) * (((f * 8.696925e-5) - -0.0515478) + ((f * k0_prime) * ((f * -0.0027397713) * f)))) - 0.61849225,0.032468395584097184,(-0.0027397713*f**3*k0_prime + 8.696925e-5*f + 0.0515478)*log(sigma) - 0.61849225,PySRFunction(X=>(-0.0027397713*f**3*k0_prime + 8.696925e-5*f + 0.0515478)*log(sigma) - 0.61849225)
21,0.0003654791,(((f * 8.630591e-5) - -0.050501518) * log(sigma)) - ((sqrt(f) * ((f * (k0_prime * f)) / alpha_infinity)) + 0.60443556),0.03607435985349335,(8.630591e-5*f + 0.050501518)*log(sigma) - 0.60443556 - f**(5/2)*k0_prime/alpha_infinity,PySRFunction(X=>(8.630591e-5*f + 0.050501518)*log(sigma) - 0.60443556 - f**(5/2)*k0_prime/alpha_infinity)
22,0.0003561347,(((f * 8.697899e-5) - -0.05012565) * log(sigma)) - ((((f * f) * (f * (k0_prime * 0.043742593))) / alpha_infinity) + 0.6031236),0.025900065537966647,(8.697899e-5*f + 0.05012565)*log(sigma) - 0.6031236 - 0.043742593*f**3*k0_prime/alpha_infinity,PySRFunction(X=>(8.697899e-5*f + 0.05012565)*log(sigma) - 0.6031236 - 0.043742593*f**3*k0_prime/alpha_infinity)
24,0.00035583205,(((k0_prime * (f * (f * -0.04376162))) * f) / alpha_infinity) + ((lambda_prime + (((f * 8.697837e-5) - -0.05018015) * log(sigma))) - 0.6038971),0.0004250901017916672,lambda_prime + (8.697837e-5*f + 0.05018015)*log(sigma) - 0.6038971 - 0.04376162*f**3*k0_prime/alpha_infinity,PySRFunction(X=>lambda_prime + (8.697837e-5*f + 0.05018015)*log(sigma) - 0.6038971 - 0.04376162*f**3*k0_prime/alpha_infinity)
25,0.0003460574,((log(sigma) * ((f * 8.6916036e-5) - -0.056589585)) - (sqrt(sigma) * (f * ((((f * k0_prime) * f) * 0.00018816964) / alpha_infinity)))) + -0.6729615,0.027854192618519798,(8.6916036e-5*f + 0.056589585)*log(sigma) - 0.6729615 - 0.00018816964*f**3*k0_prime*sqrt(sigma)/alpha_infinity,PySRFunction(X=>(8.6916036e-5*f + 0.056589585)*log(sigma) - 0.6729615 - 0.00018816964*f**3*k0_prime*sqrt(sigma)/alpha_infinity)
27,0.00034325267,((((f * 8.6910164e-5) - -0.056379512) + lambda_prime) * log(sigma)) - ((((f * (sqrt(sigma) * ((f * k0_prime) / alpha_infinity))) * f) * 0.00018824493) + 0.6726933),0.00406891702370326,(8.6910164e-5*f + lambda_prime + 0.056379512)*log(sigma) - 0.6726933 - 0.00018824493*f**3*k0_prime*sqrt(sigma)/alpha_infinity,PySRFunction(X=>(8.6910164e-5*f + lambda_prime + 0.056379512)*log(sigma) - 0.6726933 - 0.00018824493*f**3*k0_prime*sqrt(sigma)/alpha_infinity)
